{"cv_roc_auc":0.8388029009753655,"_runtime":4.620542,"_timestamp":1.741960987432755e+09,"_wandb":{"runtime":5},"_step":0,"cv_f1":0.8209937934474831,"cv_recall":0.8475902882321684,"cv_accuracy":0.8152148983594685,"cv_precision":0.7960864904961069}