{"_step":0,"_wandb":{"runtime":1},"all_checks_passed":true,"_timestamp":1.74190202745418e+09,"_runtime":1.6302729999999999}