{"_step":0,"_wandb":{"runtime":2},"all_checks_passed":true,"_timestamp":1.741904076428204e+09,"_runtime":1.5930819999999999}