{"cv_accuracy":0.8152148983594685,"cv_roc_auc":0.8388029009753655,"_runtime":4.474511,"cv_recall":0.8475902882321684,"cv_f1":0.8209937934474831,"_step":0,"_timestamp":1.741961009515405e+09,"cv_precision":0.7960864904961069,"_wandb":{"runtime":4}}