{"raw_data_shape":[15012,23],"_step":3,"_timestamp":1.7418895419901922e+09,"feature_scaling_mean":[642046.1936507936,2.411380981443551e+15,286.1223415103414,44567.29004329004,39.04880235690236,-87.7403087926888,5321.411544011544,1.3490147615246754e+09,39.04228795815296,-87.7380507890332,0.493987493987494],"cleaned_data_shape":[15012,12],"_wandb":{"runtime":2},"_runtime":2.309889,"outliers_removed":4617,"feature_scaling_scale":[388317.92192014685,2.194636086439391e+15,355.70443506158693,25016.07673229261,4.535617880749684,11.026906407086841,8803.779196568656,1.3362978828174392e+07,4.57537373544638,11.044018436367278,0.4999638484645161]}