{"precision":0.7977821265492498,"recall":0.8110079575596817,"f1_score":0.804340677408747,"_timestamp":1.741908553443328e+09,"_wandb":{"runtime":3},"_runtime":2.101169,"_step":0,"accuracy":0.8018648018648019}