{"precision":0.7977821265492498,"recall":0.8110079575596817,"f1_score":0.8043406774087472,"_timestamp":1.741907525437075e+09,"_runtime":1.7474880000000002,"_wandb":{"runtime":4},"_step":0,"accuracy":0.8018648018648019}